andris, andris, andris@gmail.com, Kerekes András
gyula, gyula, gyula@gmail.com, Nagy Gyula
gergo, gergo, gergo@gmail.com, Fedre Gergő
attila, attila, attila@gmail.com, Vki Attila
david, david, david@gmail.com, Random Dávid
tamas, tamas, tamas@gmail.com, Jelen Tamás
